uuid|parent_uuid|name|
f29ea146-b649-11e6-7a69-9711003db8b7||2. Обувь|
0a3894e0-f0fb-11e9-9101-7085c281e0ea||4. Подарочные сертификаты|
283b09b2-8c58-11ea-9107-7085c281e0ea||Услуги|
1f0e5825-d28c-11ea-9109-7085c281e0ea||1. Одежда|
e8defc14-d28c-11ea-9109-7085c281e0ea||5. Тест|
0b31004e-9ea2-11eb-9112-7085c281e0ea||Основные средства|
fc3789bf-a111-11eb-9112-7085c281e0ea||Инвентарь, оборудование и хоз принадлежности|
6c435a44-326d-11ec-9118-7085c281e0ea||6. Продукты|
2734589c-567f-11ec-911a-7085c281e0ea||7. Образцы|
0d01f919-443a-11ef-9164-7085c281e0ea||8. Домашняя коллекция|
1b4d8352-0b4a-11e9-9ff4-3150000bda54||3. Аксессуары|
fd1570c9-d307-11ea-9109-7085c281e0ea|f369c801-b67a-11e6-7a31-d0fd000025e0|1.4.1.1 Жакеты и пиджаки|
08a97032-d308-11ea-9109-7085c281e0ea|f369c801-b67a-11e6-7a31-d0fd000025e0|1.4.1.2 Жилеты|
aa93c54d-d307-11ea-9109-7085c281e0ea|d42a4b63-552d-11e7-7a31-d0fd0025c5e4|1.3.1.1 Костюмы брючные|
c12a07c4-d307-11ea-9109-7085c281e0ea|d42a4b63-552d-11e7-7a31-d0fd0025c5e4|1.3.1.2 Костюмы юбочные|
e0172dee-d307-11ea-9109-7085c281e0ea|d42a4b63-552d-11e7-7a31-d0fd0025c5e4|1.3.1.5 Комплекты и сеты|
e0ef8c8e-6a7f-11e9-9109-f8fc00256a56|d42a4b63-552d-11e7-7a31-d0fd0025c5e4|1.3.1.7 Теплые костюмы old|
e7deae25-6a7f-11e9-912f-f3d40025bcc2|d42a4b63-552d-11e7-7a31-d0fd0025c5e4|1.3.1.6 Классические костюмы old|
ef8bb0c8-6a7f-11e9-9ff4-315000258474|d42a4b63-552d-11e7-7a31-d0fd0025c5e4|1.3.1.3 Спортивные костюмы|
f6215428-6a7f-11e9-9ff4-315000258632|d42a4b63-552d-11e7-7a31-d0fd0025c5e4|1.3.1.4 Комбинезоны|
2b6c36fb-6a80-11e9-9ff4-34e80025dccb|860886cb-3f8e-11e7-7a34-5acf00048c05|1.5.2.1 Купальники|
2f3176d9-fbc0-11e9-9102-7085c281e0ea|fdcc7aa8-fb9c-11e7-7a34-5acf001fdc01|1.4.2.2 Джемпера|
481a4660-d315-11ea-9109-7085c281e0ea|fdcc7aa8-fb9c-11e7-7a34-5acf001fdc01|1.4.2.4 Водолазки|
58d81a47-d315-11ea-9109-7085c281e0ea|fdcc7aa8-fb9c-11e7-7a34-5acf001fdc01|1.4.2.5 Свитшоты и толстовки|
634351e1-d315-11ea-9109-7085c281e0ea|fdcc7aa8-fb9c-11e7-7a34-5acf001fdc01|1.4.2.6 Худи|
6a3178a6-d315-11ea-9109-7085c281e0ea|fdcc7aa8-fb9c-11e7-7a34-5acf001fdc01|1.4.2.7 Жилеты|
053fb1bc-6a80-11e9-912f-f3d400255e96|fdcc7aa8-fb9c-11e7-7a34-5acf001fdc01|1.4.2.9 Кофты old|
209dfa35-6a80-11e9-9ff4-315000258c5b|fdcc7aa8-fb9c-11e7-7a34-5acf001fdc01|1.4.2.1 Свитера|
11674c73-6a80-11e9-9ff4-34e80025e203|fdcc7aa8-fb9c-11e7-7a34-5acf001fdc01|1.4.2.3 Кардиганы|
bbccf84b-6a80-11e9-9109-f8fc002582af|1b0ba730-f7af-11e6-7a34-5acf0020281b|1.4.4.1 Блузки|
b64bdd47-6a80-11e9-912f-f3d40025ce02|1b0ba730-f7af-11e6-7a34-5acf0020281b|1.4.4.2 Рубашки|
8f96d1b8-6a7f-11e9-9107-504800257ef6|d149a48b-67e6-11e7-7a34-5acf0022ce22|1.2.1.6 Джинсовые куртки|
9793c098-6a7f-11e9-9107-504800257f73|d149a48b-67e6-11e7-7a34-5acf0022ce22|1.2.1.8 Шубы|
1f1b7871-d307-11ea-9109-7085c281e0ea|d149a48b-67e6-11e7-7a34-5acf0022ce22|1.2.1.2 Полупальто|
bcfbfb91-6a7f-11e9-9109-f8fc00256774|d149a48b-67e6-11e7-7a34-5acf0022ce22|1.2.1.7 Куртки кожаные|
4a0d4645-19eb-11eb-910f-7085c281e0ea|d149a48b-67e6-11e7-7a34-5acf0022ce22|1.2.1.9 Жилеты|
918957d6-6149-11ef-916b-7085c281e0ea|d149a48b-67e6-11e7-7a34-5acf0022ce22|1.2.1.10 Дубленки|
9f8a9fdb-6a7f-11e9-9ff4-34e80025cfc8|d149a48b-67e6-11e7-7a34-5acf0022ce22|1.2.1.4 Куртки, парки, пуховики|
a61da44a-6a7f-11e9-9ff4-34e80025d0f9|d149a48b-67e6-11e7-7a34-5acf0022ce22|1.2.1.1 Пальто|
8554c195-6a7f-11e9-9ff4-34e80025d548|d149a48b-67e6-11e7-7a34-5acf0022ce22|1.2.1.5 Ветровки, бомберы|
b10e23cc-6a7f-11e9-9ff4-34e80025d8db|d149a48b-67e6-11e7-7a34-5acf0022ce22|1.2.1.3 Плащи и тренчи|
77c3ec1d-d315-11ea-9109-7085c281e0ea|d8a16efc-75c6-11e7-7a69-8f550005f081|1.4.3.1 Лонгсливы|
8610db2d-d315-11ea-9109-7085c281e0ea|d8a16efc-75c6-11e7-7a69-8f550005f081|1.4.3.3 Поло|
ce648d06-6a80-11e9-9109-f8fc0025847e|d8a16efc-75c6-11e7-7a69-8f550005f081|1.4.3.5 Топы|
c79a60f6-6a80-11e9-912f-f3d40025cf61|d8a16efc-75c6-11e7-7a69-8f550005f081|1.4.3.2 Футболки|
faeb84a4-6a7f-11e9-9ff4-34e80025dfde|d8a16efc-75c6-11e7-7a69-8f550005f081|1.4.3.4 Боди|
b00d92da-6a80-11e9-9107-504800259c9b|e83142e7-b656-11e6-7a69-8f55003e9d02|1.3.2.5 Сарафаны old|
551f5f13-d310-11ea-9109-7085c281e0ea|e83142e7-b656-11e6-7a69-8f55003e9d02|1.3.2.1 Платья мини|
5b89afc3-d310-11ea-9109-7085c281e0ea|e83142e7-b656-11e6-7a69-8f55003e9d02|1.3.2.2 Платья миди|
6381b038-d310-11ea-9109-7085c281e0ea|e83142e7-b656-11e6-7a69-8f55003e9d02|1.3.2.3 Платья макси|
6bb0be4c-d310-11ea-9109-7085c281e0ea|e83142e7-b656-11e6-7a69-8f55003e9d02|1.3.2.4 Платья джинсовые|
a7fd8fed-6a80-11e9-912f-f3d40025cd06|e83142e7-b656-11e6-7a69-8f55003e9d02|1.3.2.9 Платья old|
41ea088d-d296-11ea-9109-7085c281e0ea|f29ea146-b649-11e6-7a69-9711003db8b7|2.1 Обувь|
11e4d7df-dd77-11e9-90fc-7085c281e0ea|e9f008e3-db24-11e9-90fc-7085c281e0ea|Новые 2!|
130c8b51-3617-11ea-9103-7085c281e0ea|0a3894e0-f0fb-11e9-9101-7085c281e0ea|Подарочные сертификаты|
4e51e30a-d4d2-11ea-9109-7085c281e0ea|130c8b51-3617-11ea-9103-7085c281e0ea|Подарочные сертификаты|
59b5a1b7-b677-11e6-7a31-d0fd000007c4|a506de1a-6cb7-11ea-9106-7085c281e0ea|я_джинсы|
c453c6b7-b673-11e6-7a31-d0fd005624b7|a506de1a-6cb7-11ea-9106-7085c281e0ea|я_лосины|
c572c2a7-6223-11e7-7a69-8f550002bb62|a506de1a-6cb7-11ea-9106-7085c281e0ea|1.1.1 Джинсы, брюки|
8f666a63-b65b-11e6-7a69-8f55003f1f25|a506de1a-6cb7-11ea-9106-7085c281e0ea|я_кофты|
f086732c-b62e-11e6-7a69-97110038a3fc|a506de1a-6cb7-11ea-9106-7085c281e0ea|я_куртки|
2b99d92c-b672-11e6-7a69-971100408ee6|a506de1a-6cb7-11ea-9106-7085c281e0ea|1.1.2 Юбки, шорты|
e9f008e3-db24-11e9-90fc-7085c281e0ea|a506de1a-6cb7-11ea-9106-7085c281e0ea|я_хлам|
91833801-ef5b-11e9-9101-7085c281e0ea|a506de1a-6cb7-11ea-9106-7085c281e0ea|Шубы|
52a2b858-0b50-11e9-9107-5048000c6fd3|a506de1a-6cb7-11ea-9106-7085c281e0ea|наушники|
5d30d6f9-0b50-11e9-9107-5048000c7084|a506de1a-6cb7-11ea-9106-7085c281e0ea|Кабель|
50d418fd-0b5c-11e9-9107-5048000d4627|a506de1a-6cb7-11ea-9106-7085c281e0ea|маска для сна|
d2aeb1a4-6a7f-11e9-9107-50480026034b|a506de1a-6cb7-11ea-9106-7085c281e0ea|Лосины|
8aad1d13-d297-11ea-9109-7085c281e0ea|a506de1a-6cb7-11ea-9106-7085c281e0ea|3.1.8 Часы|
8719a370-d4d1-11ea-9109-7085c281e0ea|a506de1a-6cb7-11ea-9106-7085c281e0ea|3.1.2.9 Головные уборы, платки и перчатки old|
317d4856-0b50-11e9-9109-f8fc000c824b|a506de1a-6cb7-11ea-9106-7085c281e0ea|карандаши|
3b1ea2a7-0b50-11e9-9109-f8fc000c991b|a506de1a-6cb7-11ea-9106-7085c281e0ea|Каникалоны|
4b2a4f51-6a5c-11e9-9109-f8fc00216387|a506de1a-6cb7-11ea-9106-7085c281e0ea|Сумки, рюкзаки и кошельки|
80af3a72-6a5a-11e9-9109-f8fc0021acce|a506de1a-6cb7-11ea-9106-7085c281e0ea|Подарочные наборы|
6846dacf-6a5c-11e9-9109-f8fc002201a7|a506de1a-6cb7-11ea-9106-7085c281e0ea|Ремни, очки|
abfc88c6-6a7f-11e9-9109-f8fc00256661|a506de1a-6cb7-11ea-9106-7085c281e0ea|Парки|
9ff5dc40-6a80-11e9-9109-f8fc00258031|a506de1a-6cb7-11ea-9106-7085c281e0ea|Эспадрильи|
ec9a9cf0-6a80-11e9-9109-f8fc00262cdf|a506de1a-6cb7-11ea-9106-7085c281e0ea|Юбка-шорты|
f16c6e23-557b-11eb-9111-7085c281e0ea|a506de1a-6cb7-11ea-9106-7085c281e0ea|3.1.8 Часы|
ac1885d9-728c-11eb-9111-7085c281e0ea|a506de1a-6cb7-11ea-9106-7085c281e0ea|1.1.1.3 Юбки макси|
5da87b29-728e-11eb-9111-7085c281e0ea|a506de1a-6cb7-11ea-9106-7085c281e0ea|1.3.2.5 Юбки-шорты|
e86f77d5-2e60-11ec-9118-7085c281e0ea|a506de1a-6cb7-11ea-9106-7085c281e0ea|1.4 Плечевые|
13b66b21-5dc1-11ec-911a-7085c281e0ea|a506de1a-6cb7-11ea-9106-7085c281e0ea|8. Канцелярия|
783473a0-0b5b-11e9-912f-f3d4000d29c9|a506de1a-6cb7-11ea-9106-7085c281e0ea|Ежедневник|
186b7db1-6a5a-11e9-912f-f3d400212d2b|a506de1a-6cb7-11ea-9106-7085c281e0ea|Чехлы|
328d3f5a-6a5b-11e9-912f-f3d400214d43|a506de1a-6cb7-11ea-9106-7085c281e0ea|Лежаки|
adc47734-6a5b-11e9-912f-f3d400215c5a|a506de1a-6cb7-11ea-9106-7085c281e0ea|Пакеты|
d6d5ab39-6a59-11e9-912f-f3d40021906f|a506de1a-6cb7-11ea-9106-7085c281e0ea|Термосы|
b7738ca8-6a7f-11e9-912f-f3d40025b87d|a506de1a-6cb7-11ea-9106-7085c281e0ea|Бомберы|
84232782-29f9-11ed-913c-7085c281e0ea|a506de1a-6cb7-11ea-9106-7085c281e0ea|кофейня|
4eda16c0-6a80-11e9-9ff4-31500025904d|a506de1a-6cb7-11ea-9106-7085c281e0ea|Туфли|
d3047388-0b5b-11e9-9ff4-34e8000d100d|a506de1a-6cb7-11ea-9106-7085c281e0ea|Значки|
86e36c90-0b4e-11e9-9ff4-34e8000e1836|a506de1a-6cb7-11ea-9106-7085c281e0ea|Зеркала|
af41eddf-0b5c-11e9-9ff4-34e8000f0f86|a506de1a-6cb7-11ea-9106-7085c281e0ea|Прочее|
b992859a-6a5a-11e9-9ff4-34e80021ab96|a506de1a-6cb7-11ea-9106-7085c281e0ea|Зонты|
092998c6-6a5b-11e9-9ff4-34e80021b675|a506de1a-6cb7-11ea-9106-7085c281e0ea|Колготки|
f6dc3c27-6a5b-11e9-9ff4-34e80021f696|a506de1a-6cb7-11ea-9106-7085c281e0ea|Носки|
5d017658-6a5c-11e9-9ff4-34e8002202e6|a506de1a-6cb7-11ea-9106-7085c281e0ea|Головные уборы, платки и перчатки|
197660e2-6a80-11e9-9ff4-34e80025dbb1|a506de1a-6cb7-11ea-9106-7085c281e0ea|Толстовки, худи|
c077eb6d-6a80-11e9-9ff4-34e80025f48b|a506de1a-6cb7-11ea-9106-7085c281e0ea|Пиджаки|
142fd766-d4d2-11ea-9109-7085c281e0ea|fb821482-6a68-11e9-9107-504800235751|3.1.8.1 Часы|
dd16798c-d30f-11ea-9109-7085c281e0ea|dbd9b580-6a80-11e9-9107-504800261b11|1.1.3.1 Шорты классические|
e5f4588a-d30f-11ea-9109-7085c281e0ea|dbd9b580-6a80-11e9-9107-504800261b11|1.1.3.2 Шорты casual|
eda9e439-d30f-11ea-9109-7085c281e0ea|dbd9b580-6a80-11e9-9107-504800261b11|1.1.3.3 Шорты спортивные|
f4c4b1ce-d30f-11ea-9109-7085c281e0ea|dbd9b580-6a80-11e9-9107-504800261b11|1.1.3.4 Шорты джинсовые|
b628a570-d43c-11ea-9109-7085c281e0ea|dbd9b580-6a80-11e9-9107-504800261b11|1.1.3.9 Шорты old|
bdb90af4-d656-11ea-9109-7085c281e0ea|283b09b2-8c58-11ea-9107-7085c281e0ea|Услуги|
37220d20-d28d-11ea-9109-7085c281e0ea|1f0e5825-d28c-11ea-9109-7085c281e0ea|1.1 Поясные|
520803b2-d28d-11ea-9109-7085c281e0ea|1f0e5825-d28c-11ea-9109-7085c281e0ea|1.2 ВО|
6ef30f90-d28d-11ea-9109-7085c281e0ea|1f0e5825-d28c-11ea-9109-7085c281e0ea|1.3 Комби|
785e2c84-d28d-11ea-9109-7085c281e0ea|1f0e5825-d28c-11ea-9109-7085c281e0ea|1.4 Плечевые|
81269d8a-d28d-11ea-9109-7085c281e0ea|1f0e5825-d28c-11ea-9109-7085c281e0ea|1.5 Бельевые|
2b8ee92c-cf9c-11e9-90fa-7085c281e0ea|e8defc14-d28c-11ea-9109-7085c281e0ea|Тестовая группа|
a506de1a-6cb7-11ea-9106-7085c281e0ea|e8defc14-d28c-11ea-9109-7085c281e0ea|Удаленные позиции|
dbd9b580-6a80-11e9-9107-504800261b11|37220d20-d28d-11ea-9109-7085c281e0ea|1.1.3 Шорты|
cc74fee2-6a7f-11e9-9109-f8fc002568c9|37220d20-d28d-11ea-9109-7085c281e0ea|1.1.2 Джинсы|
d6d617af-6a80-11e9-912f-f3d4002576da|37220d20-d28d-11ea-9109-7085c281e0ea|1.1.4 Юбки|
c6966539-6a7f-11e9-912f-f3d40025b9a6|37220d20-d28d-11ea-9109-7085c281e0ea|1.1.1 Брюки и леггинсы|
d149a48b-67e6-11e7-7a34-5acf0022ce22|520803b2-d28d-11ea-9109-7085c281e0ea|1.2.1 Верхняя одежда|
d42a4b63-552d-11e7-7a31-d0fd0025c5e4|6ef30f90-d28d-11ea-9109-7085c281e0ea|1.3.1 Костюмы|
e83142e7-b656-11e6-7a69-8f55003e9d02|6ef30f90-d28d-11ea-9109-7085c281e0ea|1.3.2 Платья|
f369c801-b67a-11e6-7a31-d0fd000025e0|785e2c84-d28d-11ea-9109-7085c281e0ea|1.4.1 Жакеты и пиджаки (средний плечевой)|
fdcc7aa8-fb9c-11e7-7a34-5acf001fdc01|785e2c84-d28d-11ea-9109-7085c281e0ea|1.4.2 Теплые верха (2 плечевой слой)|
1b0ba730-f7af-11e6-7a34-5acf0020281b|785e2c84-d28d-11ea-9109-7085c281e0ea|1.4.4 Блузки и рубашки (1 плечевой слой, текстиль)|
d8a16efc-75c6-11e7-7a69-8f550005f081|785e2c84-d28d-11ea-9109-7085c281e0ea|1.4.3 Легкие верха (1 плечевой слой, трикотаж)|
860886cb-3f8e-11e7-7a34-5acf00048c05|81269d8a-d28d-11ea-9109-7085c281e0ea|1.5.2 Купальники|
2dae05af-d309-11ea-9109-7085c281e0ea|81269d8a-d28d-11ea-9109-7085c281e0ea|1.5.1 Белье|
801b2535-6a80-11e9-9107-5048002612b2|bb4e3823-d28e-11ea-9109-7085c281e0ea|2.1.1.1 Балетки|
86a11a4d-d309-11ea-9109-7085c281e0ea|ca6258ea-d28e-11ea-9109-7085c281e0ea|2.1.2.1 Туфли закрытые|
8f080c0e-d309-11ea-9109-7085c281e0ea|ca6258ea-d28e-11ea-9109-7085c281e0ea|2.1.2.2 Туфли открытые|
4a56f8f4-6a80-11e9-9109-f8fc00257770|ca6258eb-d28e-11ea-9109-7085c281e0ea|2.1.3.1 Босоножки|
43c1999d-6a80-11e9-9ff4-315000258f0b|ca6258eb-d28e-11ea-9109-7085c281e0ea|2.1.3.2 Сандалии|
ac88a5d1-d309-11ea-9109-7085c281e0ea|d83d63b3-d28e-11ea-9109-7085c281e0ea|2.1.4.1 Сабо и мюли|
b9558fef-d309-11ea-9109-7085c281e0ea|d83d63b3-d28e-11ea-9109-7085c281e0ea|2.1.4.2 Шлепанцы и вьетнамки|
5992443a-6a80-11e9-9107-504800259518|df13be90-d28e-11ea-9109-7085c281e0ea|2.1.5.1 Лоферы|
c9d26701-d309-11ea-9109-7085c281e0ea|df13be90-d28e-11ea-9109-7085c281e0ea|2.1.5.2 Мокасины|
d5ced02e-d309-11ea-9109-7085c281e0ea|df13be91-d28e-11ea-9109-7085c281e0ea|2.1.6.1 Кеды низкие|
ddcb5f37-d309-11ea-9109-7085c281e0ea|df13be91-d28e-11ea-9109-7085c281e0ea|2.1.6.2 Кеды высокие|
e68bd3ad-d309-11ea-9109-7085c281e0ea|df13be91-d28e-11ea-9109-7085c281e0ea|2.1.6.3 Слипоны|
fc6c2b9b-d309-11ea-9109-7085c281e0ea|df13be91-d28e-11ea-9109-7085c281e0ea|2.1.6.4 Кроссовки|
3bea8737-6a80-11e9-912f-f3d400256635|df13be91-d28e-11ea-9109-7085c281e0ea|2.1.6.9 Кроссовки, кеды old|
0bec35fe-d30a-11ea-9109-7085c281e0ea|e9adaa56-d28e-11ea-9109-7085c281e0ea|2.1.7.1 Ботинки низкие|
16557a44-d30a-11ea-9109-7085c281e0ea|e9adaa56-d28e-11ea-9109-7085c281e0ea|2.1.7.2 Ботинки высокие|
1fa18f40-d30a-11ea-9109-7085c281e0ea|e9adaa56-d28e-11ea-9109-7085c281e0ea|2.1.7.3 Полуботинки|
8fe60e54-6a80-11e9-9109-f8fc00262566|e9adaa56-d28e-11ea-9109-7085c281e0ea|2.1.7.4 Ботильоны|
6879cc37-6a80-11e9-9ff4-3150002592b8|e9adaa56-d28e-11ea-9109-7085c281e0ea|2.1.7.9 Ботинки old|
3036a6e7-d30a-11ea-9109-7085c281e0ea|e9adaa57-d28e-11ea-9109-7085c281e0ea|2.1.8.1 Полусапоги|
94fc3e3d-6a80-11e9-912f-f3d40025cc0c|e9adaa57-d28e-11ea-9109-7085c281e0ea|2.1.8.3 Ботфорты|
851cf94d-6a80-11e9-9ff4-34e80025f03c|e9adaa57-d28e-11ea-9109-7085c281e0ea|2.1.8.2 Сапоги|
bb4e3823-d28e-11ea-9109-7085c281e0ea|41ea088d-d296-11ea-9109-7085c281e0ea|2.1.1 Балетки|
ca6258ea-d28e-11ea-9109-7085c281e0ea|41ea088d-d296-11ea-9109-7085c281e0ea|2.1.2 Туфли|
ca6258eb-d28e-11ea-9109-7085c281e0ea|41ea088d-d296-11ea-9109-7085c281e0ea|2.1.3 Босоножки и сандалии|
d83d63b3-d28e-11ea-9109-7085c281e0ea|41ea088d-d296-11ea-9109-7085c281e0ea|2.1.4 Сабо и шлепанцы|
df13be90-d28e-11ea-9109-7085c281e0ea|41ea088d-d296-11ea-9109-7085c281e0ea|2.1.5 Лоферы и мокасины|
df13be91-d28e-11ea-9109-7085c281e0ea|41ea088d-d296-11ea-9109-7085c281e0ea|2.1.6 Кеды и кроссовки|
e9adaa56-d28e-11ea-9109-7085c281e0ea|41ea088d-d296-11ea-9109-7085c281e0ea|2.1.7 Ботинки и ботильоны|
e9adaa57-d28e-11ea-9109-7085c281e0ea|41ea088d-d296-11ea-9109-7085c281e0ea|2.1.8 Сапоги|
99346218-6a80-11e9-912f-f3d400256f6e|41ea088d-d296-11ea-9109-7085c281e0ea|2.1.9 Угги|
c637eeb5-443b-11ef-9164-7085c281e0ea|41ea088d-d296-11ea-9109-7085c281e0ea|2.1.10 Домашняя обувь|
fb821482-6a68-11e9-9107-504800235751|211a7cc7-d297-11ea-9109-7085c281e0ea|3.1.8 Часы|
4805a4f3-d297-11ea-9109-7085c281e0ea|211a7cc7-d297-11ea-9109-7085c281e0ea|3.1.2 Головные уборы|
550d7f64-d297-11ea-9109-7085c281e0ea|211a7cc7-d297-11ea-9109-7085c281e0ea|3.1.3 Перчатки и варежки|
6055495c-d297-11ea-9109-7085c281e0ea|211a7cc7-d297-11ea-9109-7085c281e0ea|3.1.4 Ремни|
6d2231c5-d297-11ea-9109-7085c281e0ea|211a7cc7-d297-11ea-9109-7085c281e0ea|3.1.5 Сумки, клатчи, кошельки|
775283ed-d297-11ea-9109-7085c281e0ea|211a7cc7-d297-11ea-9109-7085c281e0ea|3.1.6 Платки и шарфы|
7e8592c6-d297-11ea-9109-7085c281e0ea|211a7cc7-d297-11ea-9109-7085c281e0ea|3.1.7 Очки|
97dfcdef-d297-11ea-9109-7085c281e0ea|211a7cc7-d297-11ea-9109-7085c281e0ea|3.1.9 Прочие аксессуары|
756e9be3-6a5c-11e9-9109-f8fc00220333|211a7cc7-d297-11ea-9109-7085c281e0ea|3.1.1 Бижутерия|
266ddc5f-e137-11ea-910d-7085c281e0ea|4805a4f3-d297-11ea-9109-7085c281e0ea|3.1.2.1 Кепки|
77cf8c21-e138-11ea-910d-7085c281e0ea|4805a4f3-d297-11ea-9109-7085c281e0ea|3.1.2.2 Шапки|
83b2c3eb-e138-11ea-910d-7085c281e0ea|4805a4f3-d297-11ea-9109-7085c281e0ea|3.1.2.3 Шляпы|
91abcf50-d4d1-11ea-9109-7085c281e0ea|550d7f64-d297-11ea-9109-7085c281e0ea|3.1.3.1 Перчатки и варежки|
9d24bb4c-d4d1-11ea-9109-7085c281e0ea|6055495c-d297-11ea-9109-7085c281e0ea|3.1.4.1 Ремни|
dd6389ec-e138-11ea-910d-7085c281e0ea|6055495c-d297-11ea-9109-7085c281e0ea|3.1.4.2 Пояса|
d50d90fb-d4d1-11ea-9109-7085c281e0ea|6d2231c5-d297-11ea-9109-7085c281e0ea|3.1.5.9 Сумки, клатчи, кошельки old|
edac9d83-e138-11ea-910d-7085c281e0ea|6d2231c5-d297-11ea-9109-7085c281e0ea|3.1.5.1 Сумки маленькие|
f6471023-e138-11ea-910d-7085c281e0ea|6d2231c5-d297-11ea-9109-7085c281e0ea|3.1.5.2 Сумки средние|
0175a199-e139-11ea-910d-7085c281e0ea|6d2231c5-d297-11ea-9109-7085c281e0ea|3.1.5.3 Сумки большие|
0b199b9a-e139-11ea-910d-7085c281e0ea|6d2231c5-d297-11ea-9109-7085c281e0ea|3.1.5.4 Кошельки и прочая мелкая кожгалантерея|
208e09ce-e139-11ea-910d-7085c281e0ea|6d2231c5-d297-11ea-9109-7085c281e0ea|3.1.5.5 Рюкзаки|
ef250588-443b-11ef-9164-7085c281e0ea|6d2231c5-d297-11ea-9109-7085c281e0ea|3.1.5.6 Косметички|
30f5c752-e139-11ea-910d-7085c281e0ea|775283ed-d297-11ea-9109-7085c281e0ea|3.1.6.1 Платки, шали и палантины|
3a4e3006-e139-11ea-910d-7085c281e0ea|775283ed-d297-11ea-9109-7085c281e0ea|3.1.6.2 Шарфы и снуды|
ff643bab-d4d1-11ea-9109-7085c281e0ea|7e8592c6-d297-11ea-9109-7085c281e0ea|3.1.7.1 Очки|
5d296ae4-e139-11ea-910d-7085c281e0ea|97dfcdef-d297-11ea-9109-7085c281e0ea|3.1.9.1 Носки, колготки (ЧНИ)|
66c30aa8-e139-11ea-910d-7085c281e0ea|97dfcdef-d297-11ea-9109-7085c281e0ea|3.1.9.2 Разное|
3c2e2b58-0b4e-11e9-912f-f3d4000cc7ca|97dfcdef-d297-11ea-9109-7085c281e0ea|3.1.9.3 Брелки old|
5174f030-bf37-11ed-9146-7085c281e0ea|97dfcdef-d297-11ea-9109-7085c281e0ea|3.1.9.4 Пакеты|
36d29173-443c-11ef-9164-7085c281e0ea|97dfcdef-d297-11ea-9109-7085c281e0ea|3.1.9.5 Маски для сна|
4d694b62-d309-11ea-9109-7085c281e0ea|2dae05af-d309-11ea-9109-7085c281e0ea|1.5.1.1 Верхи|
4d694b64-d309-11ea-9109-7085c281e0ea|2dae05af-d309-11ea-9109-7085c281e0ea|1.5.1.2 Низы|
1b002a70-1c7d-11ec-9118-7085c281e0ea|2dae05af-d309-11ea-9109-7085c281e0ea|1.5.1.3 Наборы и комплекты|
30aec2ac-6a80-11e9-912f-f3d40025639c|2dae05af-d309-11ea-9109-7085c281e0ea|1.5.1.9 Наборы и комплекты old|
709e37f2-d30a-11ea-9109-7085c281e0ea|4e51e30a-d4d2-11ea-9109-7085c281e0ea|Сертификаты 2020|
90d455f0-d30a-11ea-9109-7085c281e0ea|4e51e30a-d4d2-11ea-9109-7085c281e0ea|Сертификаты 2019|
adaa83da-e91e-11ea-910d-7085c281e0ea|4e51e30a-d4d2-11ea-9109-7085c281e0ea|Сертификаты под опрос|
a7fdc82e-4eda-11ec-911a-7085c281e0ea|4e51e30a-d4d2-11ea-9109-7085c281e0ea|Сертификаты 2021|
a3132c45-d689-11ec-9134-7085c281e0ea|4e51e30a-d4d2-11ea-9109-7085c281e0ea|Сертификаты 2022|
e5171247-b846-11ef-9175-7085c281e0ea|4e51e30a-d4d2-11ea-9109-7085c281e0ea|Сертификаты для сайта|
7b1a0f33-9f0e-11ea-9107-7085c281e0ea|6846dacf-6a5c-11e9-9109-f8fc002201a7|Ремни|
7b1a0f34-9f0e-11ea-9107-7085c281e0ea|6846dacf-6a5c-11e9-9109-f8fc002201a7|Очки|
31023045-d4d1-11ea-9109-7085c281e0ea|756e9be3-6a5c-11e9-9109-f8fc00220333|3.1.1.9 Бижутерия old|
5d08c4b8-e136-11ea-910d-7085c281e0ea|756e9be3-6a5c-11e9-9109-f8fc00220333|3.1.1.1 Браслеты|
667471b1-e136-11ea-910d-7085c281e0ea|756e9be3-6a5c-11e9-9109-f8fc00220333|3.1.1.2 Серьги|
6f660b00-e136-11ea-910d-7085c281e0ea|756e9be3-6a5c-11e9-9109-f8fc00220333|3.1.1.3 Колье, цепи, подвески, бусы|
7817da8d-e136-11ea-910d-7085c281e0ea|756e9be3-6a5c-11e9-9109-f8fc00220333|3.1.1.4 Кольца|
7ffa005e-e136-11ea-910d-7085c281e0ea|756e9be3-6a5c-11e9-9109-f8fc00220333|3.1.1.5 Аксессуары для волос|
906df0cc-e136-11ea-910d-7085c281e0ea|756e9be3-6a5c-11e9-9109-f8fc00220333|3.1.1.6 Броши|
9a559436-e136-11ea-910d-7085c281e0ea|756e9be3-6a5c-11e9-9109-f8fc00220333|3.1.1.7 Комплекты|
aa72292c-d30f-11ea-9109-7085c281e0ea|cc74fee2-6a7f-11e9-9109-f8fc002568c9|1.1.2.1 Mom|
b3f5ef50-d30f-11ea-9109-7085c281e0ea|cc74fee2-6a7f-11e9-9109-f8fc002568c9|1.1.2.2 Skinny и Slim|
bc7d2e1a-d30f-11ea-9109-7085c281e0ea|cc74fee2-6a7f-11e9-9109-f8fc002568c9|1.1.2.3 Клёш|
c69fa9b7-d30f-11ea-9109-7085c281e0ea|cc74fee2-6a7f-11e9-9109-f8fc002568c9|1.1.2.4 Straight|
d0c8955b-d30f-11ea-9109-7085c281e0ea|cc74fee2-6a7f-11e9-9109-f8fc002568c9|1.1.2.5 Banan|
7f69b81c-d43c-11ea-9109-7085c281e0ea|cc74fee2-6a7f-11e9-9109-f8fc002568c9|1.1.2.9 Джинсы old|
5f2a0564-6149-11ef-916b-7085c281e0ea|cc74fee2-6a7f-11e9-9109-f8fc002568c9|1.1.2.6 Baggy|
1c917224-d4d1-11ea-9109-7085c281e0ea|9ff5dc40-6a80-11e9-9109-f8fc00258031|Эспадрильи|
42e139e4-9e94-11eb-9112-7085c281e0ea|0b31004e-9ea2-11eb-9112-7085c281e0ea|Материалы (МПЗ)|
e3b0c078-326d-11ec-9118-7085c281e0ea|6c435a44-326d-11ec-9118-7085c281e0ea|Комплектующие|
953ed572-6273-11ee-914f-7085c281e0ea|6c435a44-326d-11ec-9118-7085c281e0ea|Расходники|
6671822d-9ab2-11ee-9150-7085c281e0ea|6c435a44-326d-11ec-9118-7085c281e0ea|Кофе|
6fea3e5c-9ab2-11ee-9150-7085c281e0ea|6c435a44-326d-11ec-9118-7085c281e0ea|Чай|
6fea3e5d-9ab2-11ee-9150-7085c281e0ea|6c435a44-326d-11ec-9118-7085c281e0ea|Вода|
76719287-9ab2-11ee-9150-7085c281e0ea|6c435a44-326d-11ec-9118-7085c281e0ea|Лимонад|
76719288-9ab2-11ee-9150-7085c281e0ea|6c435a44-326d-11ec-9118-7085c281e0ea|Кола|
7f4f84fb-9ab2-11ee-9150-7085c281e0ea|6c435a44-326d-11ec-9118-7085c281e0ea|Вафли|
a99fc45b-9f02-11ee-9150-7085c281e0ea|6c435a44-326d-11ec-9118-7085c281e0ea|Макаруны|
8e4a93e5-a022-11ee-9150-7085c281e0ea|6c435a44-326d-11ec-9118-7085c281e0ea|Архив|
ee169926-f2a2-11ee-9154-7085c281e0ea|6c435a44-326d-11ec-9118-7085c281e0ea|ПП пирожные|
c5f5f1e3-b99f-11ec-9133-7085c281e0ea|2734589c-567f-11ec-911a-7085c281e0ea|7.1 Образцы|
654f811e-5e78-11ec-911a-7085c281e0ea|13b66b21-5dc1-11ec-911a-7085c281e0ea|8.1 Тетради|
d99fff12-625a-11ec-911b-7085c281e0ea|654f811e-5e78-11ec-911a-7085c281e0ea|8.1.1 Тетради|
e80cb160-625a-11ec-911b-7085c281e0ea|d99fff12-625a-11ec-911b-7085c281e0ea|8.1.1.1 Тетради|
104a1bf6-d4d1-11ea-9109-7085c281e0ea|99346218-6a80-11e9-912f-f3d400256f6e|2.1.9.1 Угги|
08e1a6eb-d310-11ea-9109-7085c281e0ea|d6d617af-6a80-11e9-912f-f3d4002576da|1.1.4.1 Юбки мини|
11e7be83-d310-11ea-9109-7085c281e0ea|d6d617af-6a80-11e9-912f-f3d4002576da|1.1.4.2 Юбки миди|
1acc53f9-d310-11ea-9109-7085c281e0ea|d6d617af-6a80-11e9-912f-f3d4002576da|1.1.4.3 Юбки макси|
2568d39a-d310-11ea-9109-7085c281e0ea|d6d617af-6a80-11e9-912f-f3d4002576da|1.1.4.4 Джинсовая юбка|
2d4ccda7-d310-11ea-9109-7085c281e0ea|d6d617af-6a80-11e9-912f-f3d4002576da|1.1.4.5 Юбки-шорты|
b81c9b6b-d4d0-11ea-9109-7085c281e0ea|d6d617af-6a80-11e9-912f-f3d4002576da|1.1.4.9 Юбки old|
35d74f38-d30f-11ea-9109-7085c281e0ea|c6966539-6a7f-11e9-912f-f3d40025b9a6|1.1.1.1 Брюки классические|
7480d4bf-d30f-11ea-9109-7085c281e0ea|c6966539-6a7f-11e9-912f-f3d40025b9a6|1.1.1.2 Брюки casual|
7ebf601f-d30f-11ea-9109-7085c281e0ea|c6966539-6a7f-11e9-912f-f3d40025b9a6|1.1.1.3 Брюки спортивные|
88db3220-d30f-11ea-9109-7085c281e0ea|c6966539-6a7f-11e9-912f-f3d40025b9a6|1.1.1.4 Леггинсы|
420fe2f1-d43c-11ea-9109-7085c281e0ea|c6966539-6a7f-11e9-912f-f3d40025b9a6|1.1.1.9 Брюки old|
e11cd823-b99f-11ec-9133-7085c281e0ea|c5f5f1e3-b99f-11ec-9133-7085c281e0ea|7.1.1 Образцы|
01260843-b9a0-11ec-9133-7085c281e0ea|e11cd823-b99f-11ec-9133-7085c281e0ea|7.1.1.1|
67a24c31-443a-11ef-9164-7085c281e0ea|0d01f919-443a-11ef-9164-7085c281e0ea|8.1 Домашняя коллекция|
40fb95b2-443a-11ef-9164-7085c281e0ea|1de05db1-443a-11ef-9164-7085c281e0ea|8.1.1.1 Покрывала и пледы|
ca133efc-443a-11ef-9164-7085c281e0ea|1de05db1-443a-11ef-9164-7085c281e0ea|8.1.1.2 Комплекты|
e8608e3b-443a-11ef-9164-7085c281e0ea|2baaa485-443a-11ef-9164-7085c281e0ea|8.1.2.1 Свечи и подсвечники|
f2fdb163-443a-11ef-9164-7085c281e0ea|2baaa485-443a-11ef-9164-7085c281e0ea|8.1.2.2 Баночки для свечей|
1de05db1-443a-11ef-9164-7085c281e0ea|67a24c31-443a-11ef-9164-7085c281e0ea|8.1.1 Постельное белье|
2baaa485-443a-11ef-9164-7085c281e0ea|67a24c31-443a-11ef-9164-7085c281e0ea|8.1.2 Ароматы для дома|
c16a9c8c-4db1-11ef-9168-7085c281e0ea|c637eeb5-443b-11ef-9164-7085c281e0ea|2.1.10.1 Тапочки|
211a7cc7-d297-11ea-9109-7085c281e0ea|1b4d8352-0b4a-11e9-9ff4-3150000bda54|3.1 Аксессуары|
